Date,Close_AMZN,Close_GOOGL,Close_META,Close_MSFT,Close_NVDA,High_AMZN,High_GOOGL,High_META,High_MSFT,High_NVDA,Low_AMZN,Low_GOOGL,Low_META,Low_MSFT,Low_NVDA,Open_AMZN,Open_GOOGL,Open_META,Open_MSFT,Open_NVDA,Volume_AMZN,Volume_GOOGL,Volume_META,Volume_MSFT,Volume_NVDA
2024-12-03,213.44,171.144,613.65,431.2,140.25,214.02,172.482,614.2,432.47,140.53,209.65,170.654,591.2501,427.74,137.94,210.31,171.294,595.0,429.84,138.25,32214828.0,22274203.0,14907164.0,18301987.0,164425293.0
2024-12-02,210.71,171.294,592.83,430.98,138.62,212.99,171.878,594.5,433.0,140.44,209.5101,168.377,575.57,421.31,137.816,209.96,168.572,577.5,421.57,138.82,39523185.0,23816347.0,12522371.0,20207223.0,171694606.0
2024-11-29,207.89,168.757,574.32,423.46,138.24,208.2,169.236,578.46,424.8849,139.34,204.59,166.969,566.9,417.8,136.041,205.83,168.307,569.0,420.09,136.771,24892447.0,14273583.0,7130519.0,16271921.0,141872930.0
2024-11-27,205.74,169.036,569.2,422.99,135.331,207.64,169.289,574.98,427.2299,137.211,205.05,167.828,564.1001,422.02,131.791,206.98,168.807,574.97,425.105,135.001,28061638.0,19288591.0,7200228.0,18332444.0,226386509.0
2024-11-26,207.86,168.926,573.54,427.99,136.911,208.0,169.626,577.5,429.0414,139.29,201.79,167.388,565.2,418.85,135.661,201.9,167.438,566.0,419.585,137.691,41673737.0,20510199.0,10356550.0,23458889.0,190300765.0
2024-11-25,201.45,167.458,565.11,418.79,136.011,201.9499,168.437,572.5915,421.08,142.04,199.0,165.418,556.39,414.85,135.811,199.28,165.9,562.1,418.38,141.98,40685672.0,33173238.0,13599830.0,27691090.0,344965642.0
2024-11-22,197.12,164.571,559.14,417.0,141.94,199.2599,166.269,563.8273,417.4,147.15,196.75,163.712,554.59,411.06,141.09,198.25,165.66,563.55,411.365,145.92,31530844.0,38648830.0,9164004.0,24814626.0,236422443.0
2024-11-21,198.38,167.438,563.09,412.87,146.66,203.49,173.931,570.0,419.78,152.879,195.75,163.513,549.05,410.2887,140.69,203.49,173.701,569.52,419.5,149.34,58800042.0,59802838.0,11154749.0,20780162.0,400974196.0
2024-11-20,202.88,175.779,565.52,414.66,145.88,203.13,177.472,566.3499,416.456,147.55,199.45,173.581,554.2001,409.76,142.72,202.98,177.137,562.93,416.037,147.4,32768989.0,19018882.0,9797339.0,19230069.782395,309893005.0
2024-11-19,204.61,177.916,561.09,416.955,147.0,205.3,178.665,561.43,417.105,147.12,198.78,173.361,550.6,410.728,140.98,199.33,173.521,552.3,412.285,141.31,31197867.0,23461782.0,9522445.0,18169825.795174,227850610.0
2024-11-18,201.7,175.099,554.4,414.929,140.14,204.67,175.237,559.9,417.568,141.54,200.95,172.702,550.09,411.277,137.141,204.15,173.221,557.04,414.041,139.49,36512465.0,20229771.0,14346715.0,24791537.600427,221881280.0
2024-11-15,202.61,172.293,554.08,414.171,141.97,207.34,173.941,572.57,421.955,145.23,199.61,171.024,551.5,412.814,140.07,206.76,173.531,571.22,418.981,144.86,86591144.0,32541901.0,17712864.0,28304185.611311,250150104.0
2024-11-14,211.48,175.379,577.16,426.037,146.75,215.9,178.615,580.76,427.315,148.99,210.88,174.122,573.01,419.161,145.54,214.16,178.076,577.0,424.151,147.63,42620309.0,31042993.0,11053743.0,30307424.36386,194476700.0
2024-11-13,214.1,178.675,580.0,424.351,146.26,215.09,180.753,585.64,428.467,149.32,209.14,178.336,575.17,417.375,145.89,209.4,180.253,582.605,420.798,149.06,46212943.0,23210573.0,10757583.0,21545224.631433,191916489.0
2024-11-12,208.91,181.412,584.82,422.185,148.28,209.54,182.281,599.66,423.592,149.64,206.01,179.185,580.38,416.367,146.0,208.37,179.614,588.545,417.414,146.77,38942918.0,25163711.0,16287724.0,19440038.224034,198648424.0
2024-11-11,206.84,180.144,583.17,417.175,145.25,209.65,180.338,587.0,423.961,148.84,205.59,178.266,576.51,415.169,143.56,208.5,178.376,586.36,421.671,148.67,35456012.0,17470353.0,10209051.0,24552367.824996,182338182.0
2024-11-08,208.18,178.146,589.34,421.696,147.62,209.9633,180.693,593.1,425.648,149.76,207.44,177.876,584.52,420.937,146.25,209.72,180.438,591.54,424.47,148.76,36075846.0,22031402.0,9415699.0,16925224.52823,175677934.0
2024-11-07,210.05,180.543,591.7,424.58,148.87,212.25,180.873,594.7999,425.997,148.92,207.19,176.987,575.21,419.041,146.16,207.44,177.207,576.89,420.438,146.38,52878383.0,25381995.0,14653708.0,19941618.200932,207337588.0
2024-11-06,207.09,176.308,572.05,419.341,145.6,207.55,176.737,573.0,419.61,146.48,199.14,173.301,555.1679,409.7,141.95,200.01,173.601,562.75,411.596,142.95,72292167.0,33734155.0,18305429.0,26735249.439553,242060622.0
2024-11-05,199.5,169.546,572.43,410.638,139.9,199.82,170.335,573.48,414.071,140.36,195.99,168.647,566.67,407.265,137.321,196.04,169.236,567.305,407.554,137.441,30564784.0,18262956.0,9775379.0,17661291.926895,160548434.0
2024-11-04,195.78,169.046,560.68,407.644,136.041,197.33,170.535,568.69,409.595,138.95,194.3101,167.819,557.89,404.761,135.561,196.45,169.735,564.1,408.971,137.201,38492062.0,21517376.0,12064601.0,19711662.832582,187541094.0
2024-11-01,197.93,171.094,567.16,409.55,135.361,200.5,172.123,573.67,414.67,137.301,197.02,168.687,562.56,406.686,134.561,198.86,169.875,567.605,408.193,134.691,99687847.0,31832917.0,15303235.0,24278942.619502,207142109.0
2024-10-31,186.4,170.914,567.58,405.538,132.751,190.6,176.618,589.9,415.329,137.601,185.23,170.804,563.01,405.488,132.101,190.51,172.932,585.0,414.53,137.591,75146759.0,44820289.0,26838395.0,54079011.469012,270058247.0
2024-10-30,192.73,174.26,591.8,431.666,139.325,195.61,181.812,601.2,437.624,140.32,192.42,173.861,589.38,431.237,136.801,194.695,180.473,600.98,436.561,139.53,37707550.0,68969740.0,26864925.0,29808696.083629,179430444.0
2024-10-29,190.83,169.486,593.28,431.087,141.24,191.4599,170.185,593.67,432.305,142.25,187.815,166.898,575.398,424.95,138.89,188.58,167.538,580.145,427.145,140.275,35690158.0,42217353.0,13019092.0,17679397.094527,157604492.0
2024-10-28,188.39,166.529,578.16,425.738,140.51,190.21,168.557,583.7499,431.077,143.13,188.21,163.762,574.12,425.448,140.04,189.565,168.557,582.0,430.793,142.99,27930836.0,32175474.0,10925131.0,14912233.29372,173598705.0
2024-10-25,187.83,165.081,573.25,427.295,141.53,190.45,165.4,581.29,431.656,144.12,187.53,163.233,571.72,425.713,140.79,187.85,163.483,573.935,425.907,140.92,29362060.0,19851609.0,11337874.0,16932889.840775,205136242.0
2024-10-24,186.38,162.534,567.78,423.882,140.4,187.11,163.143,568.8799,425.127,141.34,183.86,160.826,561.52,421.556,138.45,185.25,162.644,567.125,424.475,140.81,21647395.0,22438213.0,7184651.0,13608816.534517,172366763.0
2024-10-23,184.71,162.594,563.69,423.752,139.55,189.16,165.63,585.0,430.219,142.42,183.69,161.74,562.5,421.686,137.451,188.85,164.571,579.97,429.994,142.02,31937089.0,18301468.0,14248419.0,19693719.989216,285949739.0
2024-10-22,189.7,164.951,582.01,426.656,143.58,191.5201,165.58,583.53,429.719,144.41,186.975,162.793,572.12,417.205,141.77,188.35,162.793,574.29,417.654,142.9,29650593.0,16587109.0,8544463.0,25533203.182255,226327182.0
2024-10-21,189.07,163.882,575.16,417.943,143.7,189.46,164.312,577.2399,418.123,143.7,186.4,162.434,569.11,412.924,137.99,188.05,162.763,576.03,415.289,138.12,24639393.0,20970461.0,8171879.0,14234550.526608,264572742.0
2024-10-18,188.99,163.233,576.47,417.325,137.99,190.74,164.521,583.9675,418.812,138.89,186.28,162.893,575.25,415.429,137.271,187.15,163.003,581.1,416.307,138.655,37417670.0,19780304.0,7694274.0,17179635.750605,176102317.0
2024-10-17,187.53,162.743,576.93,415.888,136.921,188.94,166.18,584.97,421.656,140.88,186.0,162.574,575.2,414.76,136.861,188.22,165.54,583.33,421.516,139.33,25039414.0,21477982.0,8701158.0,14849668.311325,306457035.0
2024-10-16,186.89,164.971,576.79,415.289,135.711,187.78,165.61,582.08,415.528,136.611,185.61,163.553,574.03,409.66,131.571,187.05,164.342,581.395,414.341,133.971,23456812.0,16424832.0,11268384.0,15539975.297098,264897971.0
2024-10-15,187.69,165.271,586.27,417.904,131.591,188.41,167.488,590.61,421.636,138.56,184.58,164.437,580.143,414.43,128.731,187.63,165.595,590.16,421.337,137.861,32178925.0,20270399.0,9564236.0,18938032.39644,377857054.0
2024-10-14,187.54,164.771,590.42,418.303,138.06,189.83,166.036,600.1,423.193,139.59,187.36,163.213,589.96,416.686,136.291,189.78,163.453,594.22,416.935,136.461,22614407.0,19037934.0,8251971.0,16686419.481396,232363677.0
2024-10-11,188.82,163.053,589.95,415.488,134.791,189.9284,163.712,591.21,416.297,135.771,186.3,161.05,582.71,412.424,133.651,186.63,161.944,584.83,415.304,134.001,25751557.0,15361836.0,8587051.0,14173257.084294,170221202.0
2024-10-10,186.65,161.894,583.83,415.009,134.801,188.134,162.883,590.23,416.516,134.991,185.83,160.211,582.52,412.325,130.991,187.13,160.686,587.57,414.396,131.901,27785043.0,14160278.0,7740449.0,13876095.461952,242328033.0
2024-10-09,185.17,161.675,590.51,416.626,132.641,185.845,164.651,594.39,419.54,134.511,182.05,159.557,581.61,413.472,131.371,182.82,163.263,593.99,415.029,134.101,26343117.0,31217510.0,9529707.0,15004230.070284,246208575.0
2024-10-08,182.72,164.192,592.89,413.882,132.881,183.09,164.536,593.56,414.83,133.471,180.92,162.684,585.97,407.355,129.411,181.915,163.752,589.69,410.079,130.251,26372086.0,23099175.0,7857377.0,19267751.056065,285742172.0
2024-10-07,180.8,162.793,584.78,408.722,127.711,183.6,168.287,602.95,416.277,130.631,180.25,162.564,584.04,408.183,124.941,182.95,167.528,598.22,415.169,124.981,42364201.0,22488884.0,12014198.0,20961634.828316,346274090.0
2024-10-04,186.51,166.869,595.94,415.229,124.911,187.6,168.037,596.85,418.911,125.031,183.6,165.291,581.43,414.141,121.822,185.75,167.868,583.73,417.405,124.931,41079011.0,19115606.0,14199788.0,19229326.297178,244482396.0
2024-10-03,181.96,165.67,582.77,415.708,122.842,183.44,166.449,583.36,418.712,124.351,180.875,163.735,568.73,413.462,120.332,183.045,164.222,570.15,416.796,120.912,30204302.0,15090375.0,11580980.0,13713816.286362,277137067.0
2024-10-02,184.76,165.67,572.81,416.297,118.842,186.6,167.328,576.0,421.975,119.372,184.04,164.541,569.34,415.878,115.132,184.44,166.229,574.86,421.736,116.432,23704056.0,17780533.0,6524650.0,16615448.707243,221861173.0
2024-10-01,185.13,166.799,576.47,419.85,116.992,186.19,168.966,583.04,427.624,122.427,183.4519,164.392,570.1,417.973,115.782,184.9,167.493,577.98,427.594,121.757,36044906.0,28370600.0,15259274.0,19131162.200521,302115300.0
2024-09-30,186.33,165.66,572.44,429.44,121.432,188.49,165.96,574.68,429.56,121.492,184.65,163.073,564.8,424.52,118.142,187.14,163.133,567.7,427.355,118.302,41680400.0,20504775.0,12807206.0,16888342.851868,227069295.0
2024-09-27,187.97,163.762,567.36,427.165,121.392,190.9,165.51,570.8399,430.987,124.021,187.34,162.44,564.51,426.616,119.252,190.68,162.624,570.1,430.658,123.961,36002316.0,21125490.0,9398367.0,14925947.690165,271027848.0
2024-09-26,191.16,162.544,567.84,430.448,124.031,194.53,163.892,577.4,434.43,127.656,189.54,162.094,562.3501,428.273,121.792,194.31,163.453,575.73,434.216,126.791,36334854.0,20342623.0,14400787.0,14521051.853503,302603717.0
2024-09-25,192.53,161.305,568.31,431.247,123.501,193.9498,162.624,576.88,432.254,124.931,192.16,161.115,563.72,427.714,121.602,193.75,161.285,564.05,428.971,122.012,26391144.0,18890824.0,16543350.0,13423178.696697,284712564.0
2024-09-24,193.96,162.104,563.33,428.313,120.862,195.37,163.029,567.745,432.484,121.792,190.13,160.506,554.19,425.249,115.372,194.27,162.843,566.68,432.135,116.507,43478926.0,23358887.0,12992956.0,17049813.412135,354991230.0
2024-09-23,193.88,161.665,564.41,432.644,116.252,194.45,165.301,573.9799,435.588,116.982,190.57,161.485,562.41,429.529,114.852,191.64,164.162,569.5,433.412,116.542,36993111.0,24178530.0,12830669.0,15159173.591868,206242699.0
2024-09-20,191.6,163.403,561.35,434.4,115.992,191.84,163.543,564.5,438.363,118.61,187.41,161.874,556.3001,433.353,115.382,190.23,163.313,560.0,436.347,117.052,100378553.0,40943308.0,22066817.0,55277530.680537,382488781.0
2024-09-19,189.87,161.954,559.1,437.814,117.862,190.99,163.603,562.07,440.618,119.652,188.47,161.155,546.52,436.027,117.242,190.04,163.523,550.0,440.344,117.342,39543168.0,26618204.0,15646951.0,21750007.714586,293526661.0
2024-09-18,186.43,159.627,537.95,429.949,113.362,188.8,160.316,544.2,435.159,117.692,185.06,158.413,533.9026,429.55,113.212,186.45,159.677,537.065,434.131,115.882,34448130.0,23704450.0,10323537.0,18935869.074899,310340319.0
2024-09-17,186.88,159.138,536.315,434.281,115.582,189.45,160.366,542.1,440.967,118.792,186.14,158.194,530.57,431.406,114.822,186.85,158.838,537.6,439.351,118.162,26091682.0,20739353.0,11690779.0,18912010.413851,231941856.0
2024-09-16,184.89,157.879,533.28,430.478,116.772,185.81,158.069,534.1,432.664,118.172,183.36,156.421,517.4,427.365,114.352,185.29,157.13,524.54,429.74,116.782,26065485.0,18400839.0,9527646.0,13862389.08152,248789449.0
2024-09-13,186.49,157.28,524.62,429.73,119.092,188.5,158.199,527.581,430.967,119.947,185.91,155.032,517.11,424.61,117.592,187.0,155.252,520.34,424.974,119.072,26495351.0,29625065.0,10321422.0,15906330.142683,238374751.0
2024-09-12,187.0,154.513,525.6,426.147,119.132,187.41,154.643,526.71,426.515,120.782,183.54,152.475,515.22,418.911,115.372,184.8,153.624,517.05,422.464,116.832,33622483.0,29729080.0,11993342.0,17453625.083023,367125790.0
2024-09-11,184.52,150.987,511.83,422.195,116.892,184.99,151.327,513.12,423.143,117.172,175.73,147.351,495.6,408.762,107.404,180.095,149.748,507.01,414.67,109.373,42564698.0,29641625.0,10782532.0,19305488.441827,441490548.0
2024-09-10,179.55,148.49,504.79,413.373,108.084,180.5,151.097,514.18,415.498,109.383,176.79,148.17,500.0278,406.886,104.934,177.49,150.278,508.16,407.385,107.794,36233796.0,31154429.0,9899022.0,19633507.706671,268325173.0
2024-09-09,175.4,148.54,504.79,404.91,106.454,175.85,153.224,511.33,407.834,106.534,173.51,147.046,502.08,401.347,103.674,174.53,152.335,506.16,406.426,104.864,29037362.0,39305446.0,11047828.0,15325749.35049,273954321.0
2024-09-06,171.39,150.547,500.27,400.898,102.814,178.38,157.441,524.5849,409.83,108.134,171.16,150.178,498.25,399.999,100.934,177.24,156.912,521.88,408.243,108.024,41466537.0,38005945.0,14744521.0,19648777.209662,413701985.0
2024-09-05,177.89,156.852,516.86,407.574,107.194,179.875,159.057,521.6295,412.275,109.633,174.995,155.596,511.15,405.319,104.744,175.0,155.914,511.72,406.806,104.969,40170526.0,18734993.0,8640888.0,14223930.311227,306898089.0
2024-09-04,173.33,156.064,512.74,408.083,106.194,175.98,158.607,516.59,410.418,113.252,172.54,155.577,504.07,403.562,104.104,174.48,156.268,506.07,405.099,105.394,30309225.0,19401650.0,8335207.0,15166102.433208,372527820.0
2024-09-03,176.25,156.971,511.76,408.622,107.984,178.26,161.451,525.49,419.041,116.192,175.26,156.094,508.6176,406.217,107.274,177.55,161.321,519.64,417.075,115.992,37817511.0,39041673.0,12459113.0,20354263.518278,477228797.0
2024-08-30,178.5,162.976,521.31,416.307,119.352,178.9,163.256,523.54,416.656,121.732,172.6,161.293,515.2,411.307,117.202,172.78,162.214,521.35,414.77,119.512,43429355.0,22178557.0,9157541.0,24356980.511221,333803131.0
2024-08-29,172.12,161.381,518.22,412.295,117.572,174.29,165.56,527.2,421.207,124.41,170.81,159.855,515.6789,409.78,116.692,173.22,163.904,519.05,414.111,121.337,26407815.0,19748515.0,8317424.0,17079359.434491,453093275.0
2024-08-28,170.8,162.448,516.78,409.78,125.59,173.69,165.192,521.085,414.171,128.31,168.92,161.129,512.45,406.496,122.622,173.69,164.627,517.675,414.051,128.1,29045025.0,16448045.0,9106077.0,14912449.726074,448170325.0
2024-08-27,173.12,164.274,519.1,413.013,128.28,174.89,166.032,524.01,413.532,129.18,172.25,164.054,515.31,409.43,123.86,174.15,165.425,518.98,412.035,125.03,29841979.0,11851194.0,6282720.0,13519918.949025,303181392.0
2024-08-26,175.5,165.75,521.12,412.664,126.44,177.4682,167.136,528.0,416.446,131.24,174.3,164.049,514.95,410.518,124.35,176.7,165.97,527.6,415.533,129.55,22366236.0,14225531.0,9584002.0,13179157.229326,332015944.0
2024-08-23,177.04,165.212,528.0,415.957,129.35,178.9699,165.77,539.87,418.422,129.58,175.24,163.426,525.06,411.267,125.2,177.34,164.314,536.92,416.147,125.84,29150091.0,13990275.0,11323936.0,18530801.895956,323280255.0
2024-08-22,176.13,163.396,531.93,414.72,123.72,181.47,167.176,544.23,425.937,130.73,175.68,162.907,528.59,413.782,123.081,181.38,166.847,537.0,423.512,130.0,32047482.0,22548935.0,15708292.0,19400656.553581,376247179.0
2024-08-21,180.11,165.44,535.16,423.293,128.48,182.385,166.438,539.4,425.548,129.33,178.8937,164.264,526.935,420.878,126.64,179.92,164.742,527.15,423.228,127.295,35599120.0,22958669.0,13423292.0,16099458.944762,257923402.0
2024-08-20,178.88,166.767,526.73,423.951,127.23,179.01,168.224,531.09,425.009,129.86,177.4308,166.408,525.88,420.798,125.87,177.92,166.488,528.35,420.858,128.38,26255204.0,18386920.0,7944391.0,16420383.035994,300133764.0
2024-08-19,178.22,166.258,529.28,420.688,129.98,178.3,166.278,531.66,420.907,129.98,176.16,163.854,522.76,415.628,123.4,177.64,164.872,526.87,418.123,124.26,31129807.0,22471654.0,9879713.0,15264449.896166,318382744.0
2024-08-16,177.06,162.558,527.42,417.634,124.56,178.34,164.652,533.66,420.498,124.98,176.2601,160.732,524.66,416.466,121.162,177.04,161.071,531.9,419.76,121.922,31489175.0,24268552.0,14776684.0,22821181.535695,302636607.0
2024-08-15,177.59,160.902,537.33,420.189,122.841,177.91,161.236,539.77,420.269,123.221,173.99,159.216,526.7,416.826,117.452,174.86,160.104,531.79,418.961,118.742,51698513.0,31602260.0,13482141.0,20793682.319441,318135802.0
2024-08-14,170.1,159.974,526.76,415.279,118.062,172.28,162.817,534.0,416.135,118.582,168.86,157.321,523.13,410.882,114.052,172.11,161.999,528.06,413.227,118.512,28843804.0,40691570.0,11444189.0,18336534.370003,339298804.0
2024-08-13,170.23,163.754,528.54,412.439,116.122,171.04,164.324,531.4999,413.376,116.212,167.1,162.568,518.15,408.016,111.562,167.81,163.006,520.01,408.036,112.422,39237915.0,18597597.0,13743839.0,19488193.859086,312694949.0
2024-08-12,166.8,161.889,515.95,405.267,109.003,168.55,164.492,518.02,407.21,111.052,166.1101,161.441,509.1,402.71,106.244,168.14,163.944,516.86,405.516,106.304,30072788.0,15934619.0,9767422.0,16826710.28653,325610153.0
2024-08-09,166.94,163.266,517.77,404.48,104.734,168.55,163.386,518.34,406.502,106.584,165.85,158.667,505.7,400.737,103.414,166.4,159.615,507.71,402.497,105.624,36401049.0,28673062.0,13696640.0,19350064.906628,290889078.0
2024-08-08,165.8,161.63,509.63,401.162,104.954,166.6899,163.286,509.96,404.321,105.484,162.55,159.815,494.72,398.423,97.505,165.165,160.113,497.5,400.914,101.984,44616206.0,25642135.0,16156843.0,20279956.181766,391970554.0
2024-08-07,162.77,158.547,488.92,396.919,98.8947,167.58,162.578,510.15,408.524,108.784,161.43,158.079,486.86,395.962,98.6748,166.55,160.852,503.13,407.085,107.794,48408240.0,25200779.0,20105307.0,20729537.539358,411503971.0
2024-08-06,161.93,157.899,494.09,398.094,104.234,165.08,160.173,502.56,404.131,107.694,158.5404,156.024,478.65,396.988,100.534,161.71,158.937,479.0,398.482,103.824,59950830.0,49125825.0,20954959.0,25041512.777407,409075262.0
2024-08-05,161.02,158.857,475.73,393.651,100.434,162.96,164.024,483.48,399.518,103.394,151.61,154.548,450.8,384.117,90.676,154.21,155.116,451.345,387.694,92.0458,83149437.0,53763384.0,21396191.0,40864244.760964,552927763.0
2024-08-02,167.9,166.248,488.14,406.94,107.254,168.77,168.094,501.145,413.425,108.704,160.55,164.264,476.15,402.807,101.354,166.75,166.029,489.0,410.925,103.744,141448365.0,29202185.0,24044658.0,29549989.3869,482101914.0
2024-08-01,184.07,170.339,497.74,415.528,109.193,190.6,173.62,527.1709,425.839,120.142,181.87,168.463,492.1,411.523,106.794,189.285,169.829,521.0,419.189,117.512,70435635.0,24592096.0,43083082.0,30411758.259294,523543176.0
2024-07-31,186.98,171.117,474.83,416.763,117.002,187.94,173.815,476.5,420.175,118.322,184.46,169.591,466.75,410.646,110.863,185.05,172.812,471.02,418.9,112.882,41667326.0,25792757.0,24285777.0,43054681.55302,473247265.0
2024-07-30,181.71,169.869,463.19,421.316,103.714,185.86,170.807,472.73,427.422,111.972,179.38,168.024,456.7,415.777,102.524,184.72,169.819,467.0,426.097,111.502,39508574.0,19006602.0,11390439.0,32812041.041768,486908466.0
2024-07-29,183.2,169.111,465.71,425.111,111.572,184.75,170.009,473.96,430.51,116.262,182.38,167.575,465.02,423.093,111.282,183.84,168.413,469.88,429.943,113.672,33270123.0,20344040.0,11339630.0,15183429.975236,248190395.0
2024-07-26,182.5,166.588,465.7,423.657,113.042,183.19,167.675,469.77,427.288,116.182,180.24,163.655,459.42,415.687,111.562,180.39,166.737,464.195,416.614,116.172,29505964.0,41439176.0,14222388.0,23673638.13833,293444389.0
2024-07-25,179.85,166.867,453.41,416.813,112.262,183.8958,172.992,463.548,428.17,116.612,176.8,166.777,442.65,415.926,106.284,182.91,172.094,463.26,427.174,113.022,44464163.0,44962961.0,18240489.0,30057810.660866,460138077.0
2024-07-24,180.83,172.204,461.27,427.273,114.232,185.45,175.756,476.3,439.806,119.932,180.41,171.396,460.58,425.963,113.422,183.2,173.172,472.305,438.78,119.152,41532360.0,49707904.0,17649738.0,26907867.256406,327827510.0
2024-07-23,186.41,181.341,488.69,443.163,122.572,189.39,183.157,495.22,446.689,124.67,183.56,181.091,487.72,441.419,122.082,184.1,181.601,489.84,442.211,122.761,47537670.0,36442670.0,9455527.0,13156957.133273,173937844.0
2024-07-22,182.55,181.221,487.4,441.26,123.52,185.06,182.249,492.06,442.913,124.05,182.48,179.785,483.9,437.248,119.842,185.0,180.145,486.575,440.114,120.332,39931923.0,24159982.0,12023088.0,15868949.295639,258108802.0
2024-07-19,183.13,177.222,476.79,435.452,117.912,184.93,179.845,486.71,439.466,121.582,180.11,176.692,475.71,430.362,117.352,181.14,178.438,476.06,431.457,120.332,43081829.0,18928609.0,15149416.0,21020150.897559,217257350.0
2024-07-18,183.75,177.252,475.85,438.7,121.072,189.68,182.049,479.2393,442.963,122.382,181.448,176.034,464.54,432.752,116.542,189.59,181.481,475.0,442.655,121.832,51043626.0,25378372.0,19267160.0,20874001.521932,321029106.0
2024-07-17,187.93,180.573,461.99,441.838,117.972,191.58,183.097,479.17,443.163,121.832,185.99,179.456,459.12,437.514,116.702,191.35,182.514,479.17,440.911,121.332,48076139.0,20785378.0,28076595.0,21836852.821444,390146438.0
2024-07-16,193.02,183.466,489.79,447.815,126.34,196.62,188.214,503.9499,452.577,129.02,192.24,182.921,485.79,444.965,124.56,195.59,186.898,501.5,452.497,128.42,33994714.0,18335983.0,14075833.0,17241078.071561,214802686.0
2024-07-15,192.72,186.07,496.16,452.238,128.42,196.19,187.776,506.6799,455.525,131.37,190.83,184.464,493.37,449.718,127.16,194.56,184.464,498.63,451.58,130.54,40683227.0,16514808.0,12539163.0,14484389.36571,208358340.0
2024-07-12,194.49,184.613,498.87,451.83,129.22,196.47,186.648,508.09,454.629,131.9,193.8301,184.035,494.23,448.935,127.2,194.8,184.623,497.755,452.602,128.24,30598525.0,22955069.0,19750544.0,16386431.214484,252719562.0
2024-07-11,195.05,185.112,512.7,452.975,127.38,200.2699,190.389,535.46,463.017,136.129,192.86,184.623,508.3733,449.838,127.03,200.09,189.376,530.89,461.224,135.729,44565041.0,25689196.0,16458253.0,23199174.39657,374840624.0
2024-07-10,199.79,190.708,534.69,464.481,134.889,200.11,191.277,538.88,464.691,135.079,197.69,188.563,528.36,457.114,132.4,199.995,188.683,530.79,459.47,134.01,32883753.0,15991929.0,10983276.0,18265384.483369,249017024.0
2024-07-09,199.34,188.514,530.0,457.797,131.36,200.57,190.887,537.48,465.557,133.8,199.045,188.254,528.1901,456.263,128.63,199.4,189.84,533.75,465.229,130.33,32756736.0,15178779.0,8769088.0,17294107.222395,287065151.0
2024-07-08,199.29,188.563,529.32,464.471,128.18,201.2,189.701,542.81,465.926,130.75,197.96,187.316,526.65,462.698,127.02,200.04,189.426,542.35,464.781,127.47,34767261.0,21087940.0,14917495.0,13011677.055075,237714031.0
2024-07-05,200.0,190.129,539.91,465.787,125.81,200.55,190.389,540.87,466.573,128.83,198.17,185.342,511.6,457.224,125.66,198.65,185.397,511.6,457.867,127.36,39858885.0,21019335.0,21354093.0,16061213.594968,214209769.0
2024-07-03,197.59,185.362,509.96,459.022,128.26,200.029,185.63,511.28,459.272,128.26,196.7601,183.546,506.02,456.143,121.342,199.94,184.394,506.37,456.452,121.642,31597926.0,10267470.0,6005615.0,9970650.7964862,215782278.0
2024-07-02,200.0,184.783,509.5,457.538,122.652,200.43,185.112,510.5,457.847,123.39,195.93,181.111,499.45,451.394,121.012,197.28,181.601,500.76,451.481,121.112,45600013.0,17415474.0,7739479.0,14033009.184799,218407697.0
2024-07-01,197.2,182.539,504.68,454.997,124.28,198.2957,183.426,506.58,455.635,124.82,192.82,180.853,493.17,443.969,118.812,193.49,182.578,504.95,446.958,123.45,41192011.0,16045735.0,10328150.0,17730071.929137,284929535.0
2024-06-28,193.25,181.701,504.22,445.255,123.52,198.85,184.673,521.88,453.653,127.69,192.5,181.511,503.84,444.717,122.732,197.73,183.865,517.15,451.352,124.56,76930192.0,29228793.0,15855137.0,28470264.762037,315565472.0
2024-06-27,197.85,184.952,519.56,451.132,123.97,199.84,185.59,522.8799,454.439,126.39,194.2,183.566,513.9,450.056,122.901,195.005,183.725,514.25,450.459,124.08,74397491.0,18895526.0,10121199.0,14862701.383557,252610703.0
2024-06-26,193.61,183.426,513.12,450.444,126.38,194.8,184.054,513.81,451.879,128.1,186.26,182.029,504.6765,446.49,122.582,186.92,182.179,506.645,447.297,126.11,65103893.0,19888064.0,8882337.0,16569883.086404,363031980.0
2024-06-25,186.34,183.576,510.6,449.24,126.07,188.84,183.835,510.71,449.708,126.48,185.42,178.977,495.5,445.055,119.302,186.81,179.177,497.05,446.55,121.182,45898475.0,23293086.0,12109769.0,16811297.823785,425853220.0
2024-06-24,185.57,178.777,498.91,445.972,118.092,191.0,180.443,507.8,451.032,124.44,185.33,178.229,494.29,444.717,118.022,189.33,179.715,499.2,448.094,123.221,50610379.0,18343291.0,13525278.0,15974312.962409,476134394.0
2024-06-21,189.08,179.187,494.78,448.074,126.55,189.275,180.403,503.45,448.871,130.61,185.86,176.174,492.39,444.817,124.28,187.8,176.563,503.45,445.683,127.1,72931754.0,58727708.0,23130732.0,34617483.468413,655585905.0
2024-06-20,186.1,175.864,501.7,444.009,130.76,186.51,176.852,503.67,444.837,140.738,182.72,174.558,496.77,439.596,129.5,182.91,174.938,502.0,444.607,139.778,44726779.0,20209972.0,11801182.0,19953064.211082,517848395.0
2024-06-18,182.81,174.658,499.49,444.647,135.559,184.29,176.947,506.0,448.432,136.309,181.43,173.674,495.02,443.203,130.67,183.735,176.702,504.56,447.999,131.12,36659157.0,21923975.0,13060425.0,17177662.522914,294380514.0
2024-06-17,184.06,176.802,506.63,446.669,130.96,185.0,177.92,510.75,449.23,133.71,181.22,174.378,496.01,439.048,129.56,182.52,175.026,501.67,440.906,132.97,35601907.0,19667043.0,11266601.0,20869191.275646,288549004.0
2024-06-14,183.66,176.354,504.16,440.891,131.86,183.72,176.626,507.15,441.456,132.82,182.23,173.72,500.75,435.064,128.3,183.08,173.79,502.65,436.612,129.94,25456410.0,18108254.0,10243347.0,13633700.522219,309368151.0
2024-06-13,183.83,174.728,504.1,439.905,129.59,187.67,176.304,509.36,441.708,129.78,182.666,174.448,501.36,437.704,127.14,186.09,175.676,505.71,439.178,129.37,39721545.0,20965050.0,9954621.0,16021337.335847,260744803.0
2024-06-12,186.89,177.351,508.84,439.387,125.18,188.35,179.965,514.01,441.718,126.86,185.43,175.676,504.47,431.607,122.552,188.015,177.81,513.99,433.669,123.041,33984216.0,27933689.0,11983227.0,22451395.913939,299641274.0
2024-06-11,187.23,176.184,507.47,431.039,120.892,187.77,176.404,507.6,431.178,122.851,184.5373,173.341,498.27,423.637,118.722,187.06,175.785,500.16,423.862,121.752,27265108.0,21593885.0,9673715.0,14606506.582253,222585531.0
2024-06-10,187.06,174.578,502.6,426.247,121.762,187.23,176.623,502.66,426.456,123.071,183.79,172.333,493.41,422.282,116.982,184.07,174.538,493.86,423.089,120.342,34494498.0,23838060.0,11236919.0,14056352.731832,314236974.0
2024-06-07,184.3,173.83,492.96,422.242,120.86,186.2888,177.228,498.91,424.663,121.664,183.36,173.67,490.1701,421.396,117.994,184.9,176.411,495.91,424.583,119.742,28021473.0,19732673.0,9380745.0,13673516.552881,412483362.0
2024-06-06,185.0,176.091,493.76,422.909,120.97,185.0,176.511,502.82,423.697,125.557,181.49,175.115,490.89,418.984,118.292,181.745,175.259,492.98,422.402,124.018,31371151.0,23335300.0,10667339.0,14917837.52666,664853444.0
2024-06-05,181.28,174.777,495.06,422.402,122.412,181.5,176.006,496.65,422.471,122.421,178.75,173.306,483.91,414.721,117.44,180.1,174.567,484.45,416.225,118.343,32116394.0,22148519.0,15690484.0,17052722.599243,528526789.0
2024-06-04,179.34,173.163,476.99,414.491,116.409,179.82,173.217,478.89,414.861,116.572,176.44,171.269,473.2322,408.121,114.018,177.64,172.654,477.0,410.866,115.688,27198388.0,26977037.0,7088718.0,14403552.735199,403419428.0
2024-06-03,178.34,172.544,477.49,411.951,114.973,178.7,173.895,479.6,414.851,114.973,175.92,170.542,468.24,407.373,111.976,177.7,171.917,470.86,413.948,113.594,30786640.0,27558660.0,11279390.0,17551250.621933,438495475.0
2024-05-31,176.44,171.877,466.83,413.555,109.607,179.21,172.435,469.12,415.169,112.69,173.87,168.829,454.4601,402.975,106.915,178.3,171.24,465.8,415.169,112.493,58903939.0,37775320.0,16919805.0,48177999.38588,613407586.0
2024-05-30,179.32,171.488,467.05,413.097,110.474,181.34,174.587,471.73,422.691,115.791,178.355,171.17,464.71,412.669,109.637,181.31,174.567,471.67,422.691,114.623,29249229.0,23041904.0,10735226.0,28533079.029899,487465627.0
2024-05-29,182.02,175.264,474.36,427.542,114.798,184.08,176.197,479.85,429.306,115.465,181.55,174.089,473.7,424.075,110.875,181.7,174.797,474.66,424.075,113.023,32009294.0,23473479.0,9226218.0,15576213.888054,557573810.0
2024-05-28,182.15,175.764,479.92,428.688,113.874,182.24,176.63,480.86,429.186,114.912,179.49,173.735,474.84,424.981,109.857,179.93,173.82,476.575,428.0,110.218,29926963.0,20646733.0,10175770.0,15777872.823233,652882312.0
2024-05-24,180.75,174.357,478.22,428.528,106.444,182.435,175.134,479.8499,429.419,106.45,180.3,173.023,466.3,422.8,102.976,181.65,174.347,467.62,425.569,104.424,27471640.0,16639540.0,12024254.0,11900425.843171,429595279.0
2024-05-23,181.05,172.923,465.78,425.381,103.774,184.76,177.606,474.3581,431.955,106.295,180.08,172.326,461.54,423.811,101.496,183.66,176.431,472.88,431.328,102.004,33670173.0,21101152.0,11747913.0,17277225.185242,835262840.0
2024-05-22,183.13,175.744,467.78,428.887,94.9276,185.22,176.511,473.7199,430.77,95.9973,181.9715,174.577,465.65,425.51,93.2269,183.88,176.005,467.87,428.458,95.4364,28148784.0,17944858.0,10078611.0,18142516.4187,548777789.0
2024-05-21,183.15,177.208,464.63,427.412,95.3634,183.26,177.507,470.7,431.328,95.3774,180.75,175.174,462.27,423.239,93.1579,182.3,176.261,467.12,425.206,93.5769,50839129.0,17050957.0,11742189.0,21534941.608079,329024282.0
2024-05-20,183.54,176.281,468.84,423.727,94.7576,186.665,178.124,473.2,425.151,95.1775,183.28,175.444,467.04,418.397,93.4179,184.34,175.556,469.95,418.616,93.7278,30511768.0,22636161.0,11745080.0,16334095.69474,318839873.0
2024-05-17,184.7,175.424,471.91,418.616,92.4571,185.3,175.629,472.8,421.316,94.7176,183.35,173.063,468.42,416.439,91.7843,183.76,173.55,470.83,420.937,94.3467,33175655.0,24568001.0,10807289.0,15410695.039903,359776125.0
2024-05-16,183.63,173.55,473.23,419.394,94.3367,187.31,174.482,477.69,423.807,95.7963,183.46,172.066,472.75,418.756,94.0808,185.6,172.664,475.0,420.2,94.8876,38834450.0,27968971.0,16608179.0,17596798.394309,324028460.0
2024-05-15,185.99,171.887,481.54,421.475,94.6076,186.7193,172.026,482.4999,422.202,94.8396,182.73,169.894,471.2,415.687,91.5774,185.97,170.013,474.98,416.315,92.4501,75459927.0,27046060.0,13100470.0,22324213.483965,417834278.0
2024-05-14,187.07,169.725,471.85,414.233,91.3344,187.72,170.631,472.54,415.157,91.6294,183.45,168.19,460.08,409.251,88.913,183.82,169.156,463.37,409.718,89.5777,38698155.0,25218226.0,10478553.0,15194193.586048,296577227.0
2024-05-13,186.57,168.529,468.01,411.409,90.3777,188.31,168.669,473.35,416.011,90.9764,185.36,163.408,462.85,408.524,88.508,188.0,163.667,472.75,415.674,90.4567,24898613.0,31441167.0,14668798.0,15526972.771373,289748702.0
2024-05-10,187.48,168.041,476.2,412.422,89.8567,189.892,169.236,477.5,413.059,91.3794,186.93,165.589,469.6,409.499,89.206,189.16,167.418,477.09,410.628,90.2832,34141771.0,29907958.0,10749999.0,13477578.123616,335404741.0
2024-05-09,189.5,169.346,475.42,410.017,88.726,191.7,170.073,476.08,410.414,91.0504,187.44,167.572,467.63,406.814,88.2102,188.88,168.779,470.0,408.277,90.5077,43368377.0,15402333.0,9437651.0,14772257.293896,378102110.0
2024-05-08,188.0,168.769,472.6,408.247,90.3907,188.43,169.536,475.58,409.927,91.1724,186.385,168.126,463.002,404.441,89.3989,187.44,168.389,463.5,405.89,89.4613,26136350.0,19640086.0,11683929.0,11858559.921833,325798079.0
2024-05-07,188.76,170.631,468.24,407.053,90.5327,189.94,171.14,471.53,412.353,91.7594,187.305,167.782,461.31,406.804,88.99,188.92,167.892,466.29,412.343,91.0764,34048902.0,28141342.0,13406816.0,20130695.048578,437445076.0
2024-05-06,188.7,167.492,465.68,411.229,92.1182,188.745,167.532,466.16,411.618,92.1981,184.8,165.43,453.34,404.099,89.034,186.28,166.855,455.58,406.476,89.3689,34725295.0,21950568.0,15094627.0,17092130.060651,376291552.0
2024-05-03,186.21,166.636,451.96,404.389,88.768,187.87,167.353,454.17,404.876,89.2599,185.42,162.461,443.85,399.614,87.0195,186.99,166.955,445.93,400.033,87.7683,39172004.0,34788086.0,16489057.0,17544743.742588,398434959.0
2024-05-02,184.72,166.018,441.68,395.618,85.7968,185.1,166.128,443.96,397.696,86.2166,179.91,163.298,432.28,392.446,83.1804,180.85,164.19,438.84,395.438,84.4291,54303510.0,24382619.0,15221322.0,17808859.315034,377986943.0
2024-05-01,179.0,163.268,439.19,392.734,83.0214,185.15,166.516,449.96,399.476,85.9796,176.56,162.501,427.11,388.129,81.2354,181.635,163.707,428.6,390.417,85.0568,94645148.0,33614567.0,20344947.0,23694860.484101,559995622.0
2024-04-30,175.0,162.192,430.17,387.155,86.3815,182.99,167.492,439.6199,399.914,88.798,174.8,162.013,429.72,386.995,86.2796,181.09,165.014,431.05,399.247,87.2193,94639786.0,33684529.0,18429496.0,28943074.435613,363794746.0
2024-04-29,180.96,165.55,432.62,400.003,87.7363,183.53,168.938,439.76,404.049,87.9712,179.39,164.613,428.56,396.959,85.2458,182.75,168.447,439.56,402.985,87.5743,54063937.0,45775364.0,21502646.0,19692107.72974,389062783.0
2024-04-26,179.62,171.329,443.29,404.049,87.7143,180.82,174.079,446.44,410.692,88.3099,176.13,169.037,431.96,403.493,83.3674,177.795,173.74,441.46,409.868,83.7981,43919765.0,64899717.0,32691443.0,29861485.454509,551141138.0
2024-04-25,173.67,155.437,441.38,396.811,82.6124,173.92,155.925,445.77,397.656,83.3034,166.32,150.325,414.5,385.862,78.2045,169.68,150.784,421.4,391.829,78.8494,49249390.0,57316758.0,82890741.0,40814474.091032,424741191.0
2024-04-24,176.59,158.555,493.5,406.775,79.6582,180.323,158.989,510.0,410.165,84.0621,176.18,156.598,484.58,404.507,79.1642,179.94,156.921,508.06,407.272,83.9301,34185109.0,22861688.0,37772677.0,15149970.518679,512328708.0
2024-04-23,179.54,157.689,496.1,405.293,82.4035,179.93,158.396,498.76,405.919,82.7494,175.975,155.716,488.97,400.808,80.245,178.08,156.393,491.25,401.976,80.7499,37046519.0,21228244.0,15079196.0,15822901.076586,438663124.0
2024-04-22,177.23,155.716,481.73,398.72,79.4992,178.87,157.07,492.01,400.6,80.0541,174.56,153.503,473.4,393.538,76.3819,176.94,153.753,489.715,397.845,78.0855,37924890.0,26542076.0,17271125.0,20400851.369743,596481592.0
2024-04-19,174.62,153.553,481.06,396.89,76.182,179.0,155.795,502.8,403.125,84.3041,173.44,151.749,475.73,395.548,75.5881,178.74,155.636,502.8,401.773,83.1304,55944410.0,32704731.0,25184827.0,30167538.324082,871686845.0
2024-04-18,179.22,155.446,501.8,402.011,84.651,182.39,156.373,512.21,409.588,86.1696,178.65,154.061,499.04,401.694,82.3825,181.47,154.779,499.82,408.337,84.9498,30723793.0,19955122.0,14808670.0,21148067.952064,447366153.0
2024-04-17,181.28,154.908,494.17,409.538,84.0151,184.57,156.513,503.16,416.54,88.754,179.82,154.021,487.14,408.037,83.9301,184.31,155.058,503.1,414.919,88.319,31359673.0,21842023.0,12193743.0,15944564.792763,495516712.0
2024-04-16,183.32,153.843,499.76,412.264,87.3943,184.83,155.088,504.7699,416.063,88.0972,182.26,152.876,497.11,411.418,86.0435,183.27,153.633,498.11,412.254,86.412,32891265.0,20854822.0,9847925.0,16859809.119846,370540662.0
2024-04-15,183.62,154.3,500.23,411.329,85.9806,188.69,158.664,518.53,424.435,90.5916,183.0,154.031,497.28,411.121,85.9087,187.425,158.287,516.72,424.217,89.077,48052395.0,27234844.0,13512893.0,20387439.439383,443181773.0
2024-04-12,186.13,157.16,511.9,419.542,88.1652,188.38,159.644,520.1899,422.804,90.1537,185.08,156.573,509.33,417.424,87.5093,187.72,157.39,517.75,421.681,89.6777,38608849.0,25445655.0,11984535.0,19361922.033836,426905763.0
2024-04-11,189.05,158.834,523.16,425.539,90.5946,189.77,159.104,523.86,426.971,90.7174,185.51,155.895,517.29,420.0,86.9055,186.74,156.343,521.11,423.44,87.3993,40020742.0,27264912.0,10369469.0,18067362.532126,431739387.0
2024-04-10,185.95,155.576,519.83,420.896,87.0185,186.2699,156.044,522.5599,421.661,87.3793,182.67,154.121,505.8,417.355,83.6891,182.765,155.646,509.29,419.832,83.9061,35879151.0,22921421.0,11418491.0,16307689.513855,432030715.0
2024-04-09,185.67,156.034,516.9,423.898,85.3338,187.34,157.987,525.87,425.351,87.6143,184.2,154.63,506.74,419.265,83.0024,187.24,155.521,522.23,424.057,87.4213,36546946.0,31225800.0,10881445.0,12582585.942106,503666479.0
2024-04-08,185.32,154.29,519.25,422.287,87.1123,187.29,154.709,531.4899,424.894,88.809,184.81,152.059,518.89,420.935,86.7115,186.9,152.229,529.28,422.794,88.679,39154806.0,20777020.0,13260579.0,14341271.443273,283287004.0
2024-04-05,185.07,151.949,527.34,423.143,87.9872,186.27,152.866,530.7,424.127,88.46,181.97,149.059,514.4099,415.983,85.9057,182.38,149.488,516.855,417.664,86.8455,42373992.0,23544288.0,19263265.0,16647769.487544,399773016.0
2024-04-04,180.0,149.986,510.92,415.546,85.8847,185.1,154.211,530.0,426.275,90.6126,180.0,149.907,510.58,415.237,85.8597,184.0,152.946,516.42,422.616,90.3847,41624261.0,34850618.0,26476253.0,19479705.069256,435067824.0
2024-04-03,182.41,154.36,506.74,418.101,88.943,182.87,154.52,507.24,420.896,90.3527,179.8,152.179,498.75,416.743,88.379,179.9,153.046,498.93,417.385,88.463,31046638.0,24794549.0,12099171.0,16594977.54722,370154100.0
2024-04-02,180.69,154.002,497.37,419.085,89.4308,180.79,154.141,497.53,420.02,90.0727,178.3762,151.601,484.65,415.506,87.5993,179.07,152.946,485.1,417.764,88.427,32611546.0,24675111.0,11081026.0,18012625.726142,433166004.0
2024-04-01,180.97,154.928,491.35,422.199,90.3417,183.0,155.177,497.43,425.5,92.2031,179.95,150.066,481.78,419.862,89.183,180.79,150.146,487.2,421.582,90.2777,29174521.0,31845875.0,9247007.0,16407627.853749,452548528.0
2024-03-28,180.38,150.385,485.58,418.37,90.3347,181.7,150.883,492.89,419.512,91.2784,179.26,149.628,485.15,416.778,89.172,180.17,150.305,492.84,418.608,89.9787,38051588.0,24574152.0,15212764.0,21994038.256001,435315232.0
2024-03-27,179.83,150.325,493.86,419.075,90.2287,180.0,151.087,499.89,422.079,93.2179,177.3099,148.362,488.07,416.669,89.102,179.88,150.634,499.3,422.069,93.09,33272551.0,22962117.0,9989676.0,16798830.441496,586205882.0
2024-03-26,178.3,150.126,495.89,419.295,92.5391,180.45,151.705,510.0,423.61,96.3523,177.95,149.438,495.2137,418.995,92.4801,180.15,149.677,505.13,423.233,95.8283,29658982.0,22229429.0,11205382.0,16819615.564733,513769099.0
2024-03-25,179.71,149.528,503.02,420.498,94.9796,180.99,149.832,507.22,425.021,96.7431,177.24,147.286,500.2411,419.255,93.4879,178.01,149.399,505.79,422.864,93.9188,29815464.0,19298993.0,8380617.0,18161917.797624,552266704.0
2024-03-22,178.87,150.225,509.58,426.345,94.2667,179.255,151.032,509.97,427.458,94.7556,176.75,148.442,504.34,423.69,90.8124,177.752,148.582,507.0,427.299,91.1194,27995378.0,29317664.0,8120593.0,17747626.215271,586858166.0
2024-03-21,178.15,147.067,507.76,426.971,91.4134,181.415,149.827,515.04,428.412,92.6261,178.15,146.37,506.01,424.774,90.3837,179.988,148.93,514.71,427.428,92.2781,32824320.0,24845338.0,9712549.0,21415869.115329,480485956.0
2024-03-20,178.15,148.202,505.52,422.854,90.3507,178.53,148.322,508.1999,423.58,90.3887,174.64,146.205,495.17,418.311,88.2022,176.14,147.465,499.5,419.642,89.7757,29947150.0,21388757.0,11711100.0,17960427.100575,479176127.0
2024-03-19,175.9,146.498,496.24,419.055,89.3769,176.09,148.254,496.6296,419.31,90.5227,173.52,145.553,481.28,413.229,84.9898,174.215,147.625,488.17,415.496,86.6795,26880893.0,24157692.0,10903092.0,19949369.008317,672330292.0
2024-03-18,174.48,147.147,496.98,414.989,88.434,176.69,151.601,497.42,418.379,92.3831,174.28,146.638,486.81,411.468,87.0644,175.8,148.073,491.91,411.935,90.3667,31250688.0,69524823.0,11755251.0,20218937.042815,669134196.0
2024-03-15,174.42,140.67,484.1,414.093,87.8157,177.93,142.662,491.83,420.239,89.5247,173.9,139.524,481.3001,410.484,86.2366,176.64,141.985,489.01,416.947,86.9095,72147390.0,49654770.0,29153576.0,45333172.352342,642238065.0
2024-03-14,178.75,142.584,491.83,422.844,87.9232,179.53,143.066,501.35,425.43,90.6246,176.465,139.948,488.16,415.654,86.5795,177.69,140.68,500.255,417.892,89.5557,43705840.0,42908372.0,12620014.0,34349202.629329,602460656.0
2024-03-13,176.555,139.285,495.57,412.782,90.8664,177.62,140.58,500.98,415.844,91.4824,175.55,138.488,491.0318,409.151,88.414,175.9,138.498,495.39,415.764,91.0334,30772600.0,23431843.0,12090656.0,17212092.27078,635863287.0
2024-03-12,175.39,138.0,499.75,412.959,91.8913,176.76,138.872,502.31,413.249,91.9382,171.98,136.536,484.73,404.517,86.1297,173.5,136.536,493.26,405.343,88.0282,36610604.0,27663273.0,15448232.0,22583171.652256,668233203.0
2024-03-11,171.96,137.173,483.59,402.261,85.7538,174.47,138.593,497.318,403.414,88.776,171.47,135.639,476.0,399.018,84.1461,174.31,135.639,497.01,401.506,86.4085,28484777.0,32555362.0,20428274.0,16211322.124304,678524607.0
2024-03-08,175.35,134.921,505.95,403.95,87.5073,178.785,137.586,523.57,408.127,97.377,174.33,133.516,499.35,402.071,86.4855,176.44,133.725,514.19,405.68,95.1154,37893242.0,39513113.0,18597059.0,18103326.456956,1142539298.0
2024-03-07,176.82,133.895,512.19,406.854,92.6471,177.99,134.452,519.85,407.49,92.7451,173.72,131.135,501.38,399.993,89.5807,174.83,132.315,503.28,403.852,90.1367,34063283.0,37875013.0,18586437.0,18823643.75719,608263029.0
2024-03-06,173.51,130.925,496.09,399.844,88.679,176.46,133.097,502.97,402.897,89.7027,173.26,130.378,494.292,396.165,87.0095,175.54,132.639,497.63,400.718,88.0012,32090926.0,35446643.0,11757925.0,22469683.612305,582658113.0
2024-03-05,174.12,132.191,490.22,400.401,85.9436,176.93,132.759,495.58,411.935,86.0766,173.303,130.193,487.89,398.402,83.3974,176.93,131.403,495.0,411.648,85.2498,37228343.0,40340467.0,15325299.0,27070415.180889,520762473.0
2024-03-04,177.58,132.868,498.19,412.602,85.2128,180.14,135.169,504.42,415.018,87.6702,177.49,131.433,496.42,410.017,83.6952,177.53,135.169,503.0,411.13,84.1062,37381520.0,56202418.0,12324141.0,17694814.162582,615790990.0
2024-03-01,178.22,136.644,502.3,413.179,82.2556,178.725,138.368,504.25,413.546,82.2766,176.07,136.426,491.85,408.584,79.4125,176.75,137.93,492.11,408.972,79.9773,31981152.0,31264041.0,15884882.0,17923581.248555,479270945.0
2024-02-29,176.76,137.96,490.13,411.329,79.0896,177.22,138.358,491.7,411.886,79.9673,172.85,135.907,482.61,403.652,78.3278,173.01,136.784,488.44,406.357,79.0716,53805359.0,42285689.0,17732045.0,32126750.134414,507432807.0
2024-02-28,173.16,135.887,484.02,405.442,77.6411,174.05,137.511,491.05,407.013,78.9106,172.27,134.921,482.75,403.055,77.1032,172.44,137.402,485.0,405.895,77.5981,28180482.0,37463877.0,12715486.0,13257190.85437,393221855.0
2024-02-27,173.54,138.378,487.05,405.203,78.6787,174.62,138.747,487.27,406.039,79.4575,172.86,136.595,479.92,401.594,77.1402,174.075,137.521,479.975,405.71,79.3585,31141732.0,33219177.0,10809595.0,14919178.117587,391816297.0
2024-02-26,174.73,137.073,481.74,405.263,79.0696,176.37,141.925,486.14,409.858,80.6231,174.26,136.893,480.6,405.084,78.4828,175.7,141.627,483.47,409.156,79.6775,44368614.0,53836251.0,12101415.0,16284483.867534,504115617.0
2024-02-23,174.99,143.44,484.03,408.047,78.7947,175.75,144.157,494.3599,413.536,82.3706,173.7,142.912,482.3482,406.686,77.5481,174.28,143.151,488.05,413.348,80.7671,59715243.0,19564418.0,18374286.0,16387433.028414,829623519.0
2024-02-22,174.58,143.569,486.13,409.351,78.5158,174.8,144.476,489.99,410.524,78.5527,171.77,142.284,476.0618,406.287,74.199,173.1,144.407,480.24,407.898,75.0037,55392354.0,27290465.0,21625805.0,27161616.709583,865345014.0
2024-02-21,168.59,142.035,468.03,399.933,67.4529,170.23,142.174,469.0,400.043,68.8685,167.14,140.167,461.79,395.001,66.2292,168.94,140.939,466.5,397.934,67.9867,44575623.0,23400208.0,12977050.0,18735745.684388,690493844.0
2024-02-20,167.08,140.61,471.75,400.54,69.4323,168.71,141.567,476.18,402.231,71.9355,165.74,138.986,466.56,395.786,67.7147,167.83,139.151,469.715,400.987,71.9265,41980326.0,25026104.0,18015523.0,24444482.505233,705032935.0
2024-02-16,169.51,140.013,473.32,401.803,72.5924,170.42,142.672,478.96,406.009,74.3809,167.17,139.633,469.21,401.186,72.4804,168.74,142.474,478.11,405.68,74.079,48107744.0,31583004.0,23324620.0,22421761.881079,495467056.0
2024-02-15,169.8,142.254,484.03,404.289,72.6374,171.17,143.001,488.62,406.844,73.954,167.59,139.953,472.22,402.031,72.3795,170.58,142.624,475.28,405.86,73.848,49855196.0,37726965.0,24212326.0,21948145.862367,420240923.0
2024-02-14,170.98,145.413,473.28,407.203,73.879,171.21,145.991,474.11,407.55,74.215,168.28,143.573,466.0901,402.31,71.9175,169.21,145.553,467.93,405.79,73.1813,42815544.0,22786470.0,16858401.0,20515808.617931,505060575.0
2024-02-13,168.64,144.616,460.12,403.305,72.1075,170.95,146.141,467.89,407.027,73.4292,165.75,143.171,455.09,400.396,69.6002,167.73,144.397,456.87,401.934,70.3801,56345122.0,27938644.0,20916602.0,28033007.273178,602750994.0
2024-02-12,172.34,146.998,468.9,412.178,72.2275,175.39,148.795,479.145,417.617,74.5899,171.54,146.838,466.58,411.672,71.2299,174.8,147.885,468.19,417.433,72.5794,51050440.0,21642256.0,19381963.0,21361473.701346,613884180.0
2024-02-09,174.45,148.462,468.11,417.428,72.1125,175.0,148.9,473.59,417.697,72.1645,170.5803,145.652,467.465,412.009,70.1921,170.9,146.151,472.95,412.169,70.513,56985986.0,26926763.0,18413137.0,22197602.758217,436760686.0
2024-02-08,169.84,145.383,470.0,411.037,69.6212,171.43,145.801,470.59,412.475,70.7739,168.88,144.581,465.03,409.468,69.4353,169.65,145.303,468.32,410.977,70.0541,42316454.0,22645559.0,18815097.0,21383976.727065,414539607.0
2024-02-07,170.53,145.014,469.59,410.977,70.0791,170.88,145.089,471.52,411.224,70.2001,168.94,143.405,456.1773,404.377,67.5807,169.48,144.237,458.0,404.417,68.2997,47174060.0,25300246.0,23065994.0,22507585.564424,495715056.0
2024-02-06,169.15,143.579,454.72,402.48,68.2037,170.71,144.835,467.12,404.942,69.7342,167.65,142.672,453.0,399.92,66.2812,169.39,144.128,464.0,402.868,69.6102,42505518.0,29233793.0,21655214.0,18520086.885091,683305037.0
2024-02-05,170.31,143.161,459.41,402.639,69.3123,170.55,144.944,471.9,408.108,69.4773,167.7,142.264,459.22,400.991,67.186,170.2,142.304,469.88,406.857,68.2057,55081297.0,38644990.0,40832376.0,25541867.116233,680270827.0
2024-02-02,171.81,141.866,474.99,408.168,66.1412,172.5,142.105,485.96,409.586,66.5811,167.33,136.007,453.01,400.565,63.672,169.19,138.757,459.6,400.813,63.9558,117218313.0,62726141.0,84707646.0,28467969.7242,476712770.0
2024-02-01,159.28,140.65,394.78,400.783,63.0091,159.76,142.544,400.5,404.972,63.173,155.62,140.282,393.05,398.818,61.6325,155.87,141.607,393.94,398.848,62.0824,76542419.0,40613244.0,29727051.0,30886980.510471,369250450.0
2024-01-31,155.2,139.594,390.14,394.628,61.5095,159.01,143.48,398.0,412.237,62.2514,154.81,139.365,387.1,394.262,60.6828,157.0,143.101,389.0,403.939,61.4226,50284371.0,72170725.0,20180817.0,48229070.872832,453923530.0
2024-01-30,159.0,150.913,400.06,405.558,62.7562,161.73,153.066,406.36,409.985,63.475,158.49,150.639,399.57,403.433,62.2424,160.7,152.249,403.59,409.2,62.8821,45207430.0,36463539.0,18614727.0,33727951.238365,410851752.0
2024-01-29,161.26,152.956,401.02,406.68,62.4474,161.29,153.224,402.93,406.936,62.4714,158.9,150.883,393.1,401.329,60.8897,159.34,151.511,394.985,403.045,61.2147,45270385.0,27884979.0,18742433.0,24693520.375224,348831853.0
2024-01-26,159.12,151.636,394.14,400.931,61.0137,160.72,151.984,396.79,403.155,61.7654,157.91,150.465,391.5908,399.443,60.5558,158.42,150.554,394.35,401.369,60.9427,51047353.0,26210165.0,13159290.0,17936401.558277,390419251.0
2024-01-25,157.75,151.322,393.18,401.865,61.5995,158.505,152.497,395.49,403.989,62.7013,154.5501,149.0,385.66,399.541,60.8327,156.95,149.523,390.17,401.319,62.3324,43638592.0,29254737.0,15091080.0,21178348.478703,482913717.0
2024-01-24,156.87,148.163,390.7,399.572,61.3447,158.51,149.314,396.15,402.619,62.8312,156.48,147.565,387.81,397.477,59.9211,157.8,148.003,390.0,398.559,60.2868,48547315.0,25324923.0,15604285.0,25052904.858821,560429609.0
2024-01-23,156.02,146.508,385.2,395.939,59.8561,156.21,146.65,388.38,396.416,59.8931,153.93,144.974,382.075,391.006,58.5685,154.85,145.363,384.615,392.814,59.5531,37986039.0,21714562.0,15506096.0,20679371.891256,294737991.0
2024-01-22,154.78,145.463,381.78,393.566,59.6371,157.05,147.855,390.3525,397.647,60.3138,153.9,145.313,381.1601,390.668,59.0532,156.89,146.568,387.95,397.051,60.0321,43687468.0,32317098.0,17680454.0,27218930.899419,453083052.0
2024-01-19,155.34,145.851,383.45,395.711,59.4741,155.76,145.921,384.36,395.711,59.4831,152.74,143.858,377.97,390.58,57.2088,153.83,144.217,379.0,392.823,57.9725,51651628.0,34396105.0,21670806.0,29550470.442001,543655574.0
2024-01-18,153.5,142.962,376.13,390.946,57.0908,153.775,143.689,376.85,391.066,57.5837,151.82,141.477,370.95,387.225,56.0911,152.77,141.537,371.49,388.813,57.2438,37850245.0,25839750.0,16354332.0,23566990.859518,491789753.0
2024-01-17,151.71,140.959,368.37,386.579,56.0371,152.15,141.327,368.54,387.215,56.4547,149.91,138.398,358.61,381.953,54.7244,151.49,140.835,366.3,385.101,56.3311,34953363.0,21044662.0,12724779.0,22400371.784382,474528941.0
2024-01-16,153.16,141.975,367.46,387.374,56.3661,154.99,143.829,375.61,391.106,56.8188,152.15,140.939,367.23,384.745,54.8844,153.53,141.487,373.65,390.738,55.0024,41384636.0,22752649.0,15306885.0,27405683.042396,449707195.0
2024-01-12,154.62,142.134,374.49,385.587,54.6944,156.2,142.677,377.06,385.795,54.9544,154.01,141.307,369.54,381.795,54.3147,155.39,142.154,370.155,382.628,54.6044,40484155.0,18853613.0,19310046.0,21823132.300984,353093681.0
2024-01-11,155.18,141.567,369.67,381.776,54.8064,157.17,144.696,372.78,387.781,55.3304,153.12,140.127,362.93,377.556,53.5448,155.04,142.972,372.13,383.135,54.9834,49072691.0,24095756.0,17205385.0,28059111.024808,596927964.0
2024-01-10,153.73,141.767,370.47,379.929,54.3346,154.42,142.484,372.94,381.319,54.5844,151.881,140.4,359.08,373.526,53.4738,152.06,140.49,360.17,373.576,53.6008,44421830.0,21397490.0,22117206.0,25705037.224691,533947102.0
2024-01-09,151.37,140.44,357.43,373.0,53.1249,151.71,140.974,360.64,373.199,54.3097,148.21,137.651,355.36,368.436,51.6754,148.33,138.0,356.4,369.248,52.3861,43812567.0,24849354.0,13463871.0,20985716.694873,773319250.0
2024-01-08,149.1,138.338,358.66,371.909,52.2381,149.4,138.508,358.98,372.415,52.2601,146.15,135.768,352.05,366.272,49.465,146.74,135.798,354.7,366.558,49.498,46757053.0,21481573.0,13890222.0,23306959.813617,642692065.0
2024-01-05,145.24,135.239,351.95,365.02,49.0831,146.59,136.66,353.5,369.298,49.533,144.53,134.662,346.2601,363.78,48.2923,144.69,136.251,346.99,366.232,48.4483,45153147.0,22595468.0,13750912.0,21161644.495607,415156942.0
2024-01-04,144.57,135.897,347.12,365.209,47.9844,147.38,138.657,348.1499,370.33,48.4863,144.05,135.858,343.3987,364.445,47.4945,145.59,137.92,344.5,367.915,47.7535,56039807.0,27236112.0,12099895.0,21057800.729042,306621799.0
2024-01-03,148.47,138.418,344.47,367.85,47.5555,151.05,139.126,347.95,370.485,48.1704,148.33,136.585,343.175,365.775,47.3066,149.2,136.754,344.98,366.272,47.4715,49425495.0,24299918.0,15451133.0,23256080.166192,320987151.0
2024-01-02,149.93,137.671,346.29,368.116,48.1543,152.38,138.946,353.16,373.109,49.2811,148.39,135.987,340.01,364.049,47.5815,151.54,138.05,351.32,371.085,49.2301,47339424.0,23797175.0,19042152.0,25447513.79121,411370819.0
